Campaign,Ad Group,Keyword,Criterion Type,Campaign Status,Ad Group Status,Status,Comment
2016_Search_Bulk_Greeting_Cards,,ecards,Campaign Negative Phrase,Active,,Active,
2016_Search_Bulk_Greeting_Cards,,example,Campaign Negative Broad,Active,,Active,
2016_Search_Bulk_Greeting_Cards,,sayings,Campaign Negative Broad,Active,,Active,
2016_Search_Bulk_Greeting_Cards,,examples,Campaign Negative Broad,Active,,Active,
2016_Search_Bulk_Greeting_Cards,,software,Campaign Negative Broad,Active,,Active,
2016_Search_Bulk_Greeting_Cards,,make your own,Campaign Negative Phrase,Active,,Active,
2016_Search_Bulk_Greeting_Cards,,business card printing,Campaign Negative Broad,Active,,Active,
2016_Search_Bulk_Greeting_Cards,,pet loss,Campaign Negative Phrase,Active,,Active,
2016_Search_Bulk_Greeting_Cards,,virtual,Campaign Negative Broad,Active,,Active,
2016_Search_Bulk_Greeting_Cards,,playing cards,Campaign Negative Phrase,Active,,Active,
2016_Search_Bulk_Greeting_Cards,,download,Campaign Negative Broad,Active,,Active,
2016_Search_Bulk_Greeting_Cards,,writing,Campaign Negative Broad,Active,,Active,
2016_Search_Bulk_Greeting_Cards,,pet sympathy cards,Campaign Negative Phrase,Active,,Active,
2016_Search_Bulk_Greeting_Cards,,e greeting,Campaign Negative Phrase,Active,,Active,
2016_Search_Bulk_Greeting_Cards,,e mail,Campaign Negative Phrase,Active,,Active,
2016_Search_Bulk_Greeting_Cards,,business card,Campaign Negative Exact,Active,,Active,
2016_Search_Bulk_Greeting_Cards,,e cards,Campaign Negative Phrase,Active,,Active,
2016_Search_Bulk_Greeting_Cards,,to print,Campaign Negative Phrase,Active,,Active,
2016_Search_Bulk_Greeting_Cards,,hallmark,Campaign Negative Broad,Active,,Active,
2016_Search_Bulk_Greeting_Cards,,ideas,Campaign Negative Broad,Active,,Active,
2016_Search_Bulk_Greeting_Cards,,online,Campaign Negative Broad,Active,,Active,
2016_Search_Bulk_Greeting_Cards,,business cards,Campaign Negative Exact,Active,,Active,
2016_Search_Bulk_Greeting_Cards,,write,Campaign Negative Broad,Active,,Active,
2016_Search_Bulk_Greeting_Cards,,sample,Campaign Negative Broad,Active,,Active,
2016_Search_Bulk_Greeting_Cards,,idea,Campaign Negative Broad,Active,,Active,
2016_Search_Bulk_Greeting_Cards,,artist card,Campaign Negative Phrase,Active,,Active,
2016_Search_Bulk_Greeting_Cards,,downloadable,Campaign Negative Broad,Active,,Active,
2016_Search_Bulk_Greeting_Cards,,e business cards,Campaign Negative Phrase,Active,,Active,
2016_Search_Bulk_Greeting_Cards,,hallmark cards,Campaign Negative Exact,Active,,Active,
2016_Search_Bulk_Greeting_Cards,,handwritten,Campaign Negative Broad,Active,,Active,
2016_Search_Bulk_Greeting_Cards,,ecard,Campaign Negative Phrase,Active,,Active,
2016_Search_Bulk_Greeting_Cards,,supplies,Campaign Negative Broad,Active,,Active,
2016_Search_Bulk_Greeting_Cards,,e business card,Campaign Negative Phrase,Active,,Active,
2016_Search_Bulk_Greeting_Cards,,on line,Campaign Negative Broad,Active,,Active,
2016_Search_Bulk_Greeting_Cards,,papyrus,Campaign Negative Broad,Active,,Active,
2016_Search_Bulk_Greeting_Cards,,egreeting,Campaign Negative Broad,Active,,Active,
2016_Search_Bulk_Greeting_Cards,,template,Campaign Negative Broad,Active,,Active,
2016_Search_Bulk_Greeting_Cards,,saying,Campaign Negative Broad,Active,,Active,
2016_Search_Bulk_Greeting_Cards,,e card,Campaign Negative Phrase,Active,,Active,
2016_Search_Bulk_Greeting_Cards,,print,Campaign Negative Broad,Active,,Active,
2016_Search_Bulk_Greeting_Cards,,create your own,Campaign Negative Phrase,Active,,Active,
2016_Search_Bulk_Greeting_Cards,,digital,Campaign Negative Broad,Active,,Active,
2016_Search_Bulk_Greeting_Cards,,what to,Campaign Negative Phrase,Active,,Active,
2016_Search_Bulk_Greeting_Cards,,free,Campaign Negative Broad,Active,,Active,
2016_Search_Bulk_Greeting_Cards,,email,Campaign Negative Broad,Active,,Active,
2016_Search_Bulk_Greeting_Cards,,artist cards,Campaign Negative Phrase,Active,,Active,
2016_Search_Bulk_Greeting_Cards,,how to,Campaign Negative Phrase,Active,,Active,
2016_Search_Bulk_Greeting_Cards,,messages,Campaign Negative Broad,Active,,Active,
2016_Search_Bulk_Greeting_Cards,,electronic,Campaign Negative Broad,Active,,Active,
2016_Search_Bulk_Greeting_Cards,,printable,Campaign Negative Broad,Active,,Active,
2016_Search_Bulk_Greeting_Cards,,templates,Campaign Negative Broad,Active,,Active,
2016_Search_Bulk_Greeting_Cards,,wording,Campaign Negative Broad,Active,,Active,
2016_Search_Bulk_Greeting_Cards,,recycled paper,Campaign Negative Phrase,Active,,Active,
2016_Search_Bulk_Greeting_Cards,,message,Campaign Negative Broad,Active,,Active,
2016_Search Bulk Greeting Cards MBM,,papyrus,Campaign Negative Broad,Active,,Active,
2016_Search Bulk Greeting Cards MBM,,cheap bulk greeting cards,Campaign Negative Exact,Active,,Active,
2016_Search Bulk Greeting Cards MBM,,downloadable,Campaign Negative Broad,Active,,Active,
2016_Search Bulk Greeting Cards MBM,,ecards,Campaign Negative Phrase,Active,,Active,
2016_Search Bulk Greeting Cards MBM,,holiday,Campaign Negative Broad,Active,,Active,
2016_Search Bulk Greeting Cards MBM,,business cards,Campaign Negative Exact,Active,,Active,
2016_Search Bulk Greeting Cards MBM,,greeting cards in bulk,Campaign Negative Phrase,Active,,Active,
2016_Search Bulk Greeting Cards MBM,,e greeting,Campaign Negative Phrase,Active,,Active,
2016_Search Bulk Greeting Cards MBM,,pet sympathy cards,Campaign Negative Phrase,Active,,Active,
2016_Search Bulk Greeting Cards MBM,,thank you,Campaign Negative Broad,Active,,Active,
2016_Search Bulk Greeting Cards MBM,,egreeting,Campaign Negative Broad,Active,,Active,
2016_Search Bulk Greeting Cards MBM,,pet loss,Campaign Negative Phrase,Active,,Active,
2016_Search Bulk Greeting Cards MBM,,virtual,Campaign Negative Broad,Active,,Active,
2016_Search Bulk Greeting Cards MBM,,to print,Campaign Negative Phrase,Active,,Active,
2016_Search Bulk Greeting Cards MBM,,hallmark,Campaign Negative Broad,Active,,Active,
2016_Search Bulk Greeting Cards MBM,,download,Campaign Negative Broad,Active,,Active,
2016_Search Bulk Greeting Cards MBM,,birthday,Campaign Negative Broad,Active,,Active,
2016_Search Bulk Greeting Cards MBM,,on line,Campaign Negative Broad,Active,,Active,
2016_Search Bulk Greeting Cards MBM,,e business card,Campaign Negative Phrase,Active,,Active,
2016_Search Bulk Greeting Cards MBM,,free,Campaign Negative Broad,Active,,Active,
2016_Search Bulk Greeting Cards MBM,,playing cards,Campaign Negative Phrase,Active,,Active,
2016_Search Bulk Greeting Cards MBM,,e mail,Campaign Negative Phrase,Active,,Active,
2016_Search Bulk Greeting Cards MBM,,message,Campaign Negative Broad,Active,,Active,
2016_Search Bulk Greeting Cards MBM,,bulk greeting cards,Campaign Negative Exact,Active,,Active,
2016_Search Bulk Greeting Cards MBM,,hallmark cards,Campaign Negative Exact,Active,,Active,
2016_Search Bulk Greeting Cards MBM,,e business cards,Campaign Negative Phrase,Active,,Active,
2016_Search Bulk Greeting Cards MBM,,wording,Campaign Negative Broad,Active,,Active,
2016_Search Bulk Greeting Cards MBM,,recycled paper,Campaign Negative Phrase,Active,,Active,
2016_Search Bulk Greeting Cards MBM,,example,Campaign Negative Broad,Active,,Active,
2016_Search Bulk Greeting Cards MBM,,ecard,Campaign Negative Phrase,Active,,Active,
2016_Search Bulk Greeting Cards MBM,,writing,Campaign Negative Broad,Active,,Active,
2016_Search Bulk Greeting Cards MBM,,sample,Campaign Negative Broad,Active,,Active,
2016_Search Bulk Greeting Cards MBM,,create your own,Campaign Negative Phrase,Active,,Active,
2016_Search Bulk Greeting Cards MBM,,print,Campaign Negative Broad,Active,,Active,
2016_Search Bulk Greeting Cards MBM,,e cards,Campaign Negative Phrase,Active,,Active,
2016_Search Bulk Greeting Cards MBM,,artist cards,Campaign Negative Phrase,Active,,Active,
2016_Search Bulk Greeting Cards MBM,,email,Campaign Negative Broad,Active,,Active,
2016_Search Bulk Greeting Cards MBM,,posty,Campaign Negative Broad,Active,,Active,
2016_Search Bulk Greeting Cards MBM,,examples,Campaign Negative Broad,Active,,Active,
2016_Search Bulk Greeting Cards MBM,,how to,Campaign Negative Phrase,Active,,Active,
2016_Search Bulk Greeting Cards MBM,,write,Campaign Negative Broad,Active,,Active,
2016_Search Bulk Greeting Cards MBM,,saying,Campaign Negative Broad,Active,,Active,
2016_Search Bulk Greeting Cards MBM,,e card,Campaign Negative Phrase,Active,,Active,
2016_Search Bulk Greeting Cards MBM,,template,Campaign Negative Broad,Active,,Active,
2016_Search Bulk Greeting Cards MBM,,make your own,Campaign Negative Phrase,Active,,Active,
2016_Search Bulk Greeting Cards MBM,,christmas,Campaign Negative Broad,Active,,Active,
2016_Search Bulk Greeting Cards MBM,,idea,Campaign Negative Broad,Active,,Active,
2016_Search Bulk Greeting Cards MBM,,electronic,Campaign Negative Broad,Active,,Active,
2016_Search Bulk Greeting Cards MBM,,business card printing,Campaign Negative Broad,Active,,Active,
2016_Search Bulk Greeting Cards MBM,,ideas,Campaign Negative Broad,Active,,Active,
2016_Search Bulk Greeting Cards MBM,,what to,Campaign Negative Phrase,Active,,Active,
2016_Search Bulk Greeting Cards MBM,,business card,Campaign Negative Exact,Active,,Active,
2016_Search Bulk Greeting Cards MBM,,bulk cards,Campaign Negative Exact,Active,,Active,
2016_Search Bulk Greeting Cards MBM,,handwritten,Campaign Negative Broad,Active,,Active,
2016_Search Bulk Greeting Cards MBM,,artist card,Campaign Negative Phrase,Active,,Active,
2016_Search Bulk Greeting Cards MBM,,sympathy,Campaign Negative Broad,Active,,Active,
2016_Search Bulk Greeting Cards MBM,,supplies,Campaign Negative Broad,Active,,Active,
2016_Search Bulk Greeting Cards MBM,,messages,Campaign Negative Broad,Active,,Active,
2016_Search Bulk Greeting Cards MBM,,greeting cards bulk,Campaign Negative Exact,Active,,Active,
2016_Search Bulk Greeting Cards MBM,,online,Campaign Negative Broad,Active,,Active,
2016_Search Bulk Greeting Cards MBM,,software,Campaign Negative Broad,Active,,Active,
2016_Search Bulk Greeting Cards MBM,,sayings,Campaign Negative Broad,Active,,Active,
2016_Search Bulk Greeting Cards MBM,,templates,Campaign Negative Broad,Active,,Active,
2016_Search Bulk Greeting Cards MBM,,printable,Campaign Negative Broad,Active,,Active,
2016_Search Bulk Greeting Cards MBM,,digital,Campaign Negative Broad,Active,,Active,
2016_Search Bulk Greeting Cards MBM,,bulk greeting cards,Campaign Negative Phrase,Active,,Active,
2016_Search_Sympathy_Cards,,to print,Campaign Negative Phrase,Active,,Active,
2016_Search_Sympathy_Cards,,saying,Campaign Negative Broad,Active,,Active,
2016_Search_Sympathy_Cards,,ecard,Campaign Negative Phrase,Active,,Active,
2016_Search_Sympathy_Cards,,e business cards,Campaign Negative Phrase,Active,,Active,
2016_Search_Sympathy_Cards,,playing cards,Campaign Negative Phrase,Active,,Active,
2016_Search_Sympathy_Cards,,online,Campaign Negative Broad,Active,,Active,
2016_Search_Sympathy_Cards,,messages,Campaign Negative Broad,Active,,Active,
2016_Search_Sympathy_Cards,,electronic,Campaign Negative Broad,Active,,Active,
2016_Search_Sympathy_Cards,,pet sympathy cards,Campaign Negative Phrase,Active,,Active,
2016_Search_Sympathy_Cards,,business card printing,Campaign Negative Broad,Active,,Active,
2016_Search_Sympathy_Cards,,virtual,Campaign Negative Broad,Active,,Active,
2016_Search_Sympathy_Cards,,on line,Campaign Negative Broad,Active,,Active,
2016_Search_Sympathy_Cards,,papyrus,Campaign Negative Broad,Active,,Active,
2016_Search_Sympathy_Cards,,sayings,Campaign Negative Broad,Active,,Active,
2016_Search_Sympathy_Cards,,example,Campaign Negative Broad,Active,,Active,
2016_Search_Sympathy_Cards,,e greeting,Campaign Negative Phrase,Active,,Active,
2016_Search_Sympathy_Cards,,software,Campaign Negative Broad,Active,,Active,
2016_Search_Sympathy_Cards,,print,Campaign Negative Broad,Active,,Active,
2016_Search_Sympathy_Cards,,pet loss,Campaign Negative Phrase,Active,,Active,
2016_Search_Sympathy_Cards,,sample,Campaign Negative Broad,Active,,Active,
2016_Search_Sympathy_Cards,,idea,Campaign Negative Broad,Active,,Active,
2016_Search_Sympathy_Cards,,templates,Campaign Negative Broad,Active,,Active,
2016_Search_Sympathy_Cards,,artist card,Campaign Negative Phrase,Active,,Active,
2016_Search_Sympathy_Cards,,ideas,Campaign Negative Broad,Active,,Active,
2016_Search_Sympathy_Cards,,examples,Campaign Negative Broad,Active,,Active,
2016_Search_Sympathy_Cards,,e business card,Campaign Negative Phrase,Active,,Active,
2016_Search_Sympathy_Cards,,business card,Campaign Negative Exact,Active,,Active,
2016_Search_Sympathy_Cards,,template,Campaign Negative Broad,Active,,Active,
2016_Search_Sympathy_Cards,,make your own,Campaign Negative Phrase,Active,,Active,
2016_Search_Sympathy_Cards,,downloadable,Campaign Negative Broad,Active,,Active,
2016_Search_Sympathy_Cards,,e mail,Campaign Negative Phrase,Active,,Active,
2016_Search_Sympathy_Cards,,hallmark,Campaign Negative Broad,Active,,Active,
2016_Search_Sympathy_Cards,,e card,Campaign Negative Phrase,Active,,Active,
2016_Search_Sympathy_Cards,,handwritten,Campaign Negative Broad,Active,,Active,
2016_Search_Sympathy_Cards,,hallmark cards,Campaign Negative Exact,Active,,Active,
2016_Search_Sympathy_Cards,,supplies,Campaign Negative Broad,Active,,Active,
2016_Search_Sympathy_Cards,,free,Campaign Negative Broad,Active,,Active,
2016_Search_Sympathy_Cards,,business cards,Campaign Negative Exact,Active,,Active,
2016_Search_Sympathy_Cards,,e cards,Campaign Negative Phrase,Active,,Active,
2016_Search_Sympathy_Cards,,create your own,Campaign Negative Phrase,Active,,Active,
2016_Search_Sympathy_Cards,,writing,Campaign Negative Broad,Active,,Active,
2016_Search_Sympathy_Cards,,message,Campaign Negative Broad,Active,,Active,
2016_Search_Sympathy_Cards,,email,Campaign Negative Broad,Active,,Active,
2016_Search_Sympathy_Cards,,artist cards,Campaign Negative Phrase,Active,,Active,
2016_Search_Sympathy_Cards,,download,Campaign Negative Broad,Active,,Active,
2016_Search_Sympathy_Cards,,printable,Campaign Negative Broad,Active,,Active,
2016_Search_Sympathy_Cards,,wording,Campaign Negative Broad,Active,,Active,
2016_Search_Sympathy_Cards,,recycled paper,Campaign Negative Phrase,Active,,Active,
2016_Search_Sympathy_Cards,,digital,Campaign Negative Broad,Active,,Active,
2016_Search_Sympathy_Cards,,what to,Campaign Negative Phrase,Active,,Active,
2016_Search_Sympathy_Cards,,egreeting,Campaign Negative Broad,Active,,Active,
2016_Search_Sympathy_Cards,,ecards,Campaign Negative Phrase,Active,,Active,
2016_Search_Sympathy_Cards,,write,Campaign Negative Broad,Active,,Active,
2016_Search_Sympathy_Cards,,how to,Campaign Negative Phrase,Active,,Active,
2016_Search_EmployeeGreetingCards,,e business cards,Campaign Negative Phrase,Active,,Active,
2016_Search_EmployeeGreetingCards,,download,Campaign Negative Broad,Active,,Active,
2016_Search_EmployeeGreetingCards,,software,Campaign Negative Broad,Active,,Active,
2016_Search_EmployeeGreetingCards,,handwritten,Campaign Negative Broad,Active,,Active,
2016_Search_EmployeeGreetingCards,,supplies,Campaign Negative Broad,Active,,Active,
2016_Search_EmployeeGreetingCards,,business card,Campaign Negative Exact,Active,,Active,
2016_Search_EmployeeGreetingCards,,pet loss,Campaign Negative Phrase,Active,,Active,
2016_Search_EmployeeGreetingCards,,e card,Campaign Negative Phrase,Active,,Active,
2016_Search_EmployeeGreetingCards,,messages,Campaign Negative Broad,Active,,Active,
2016_Search_EmployeeGreetingCards,,recycled paper,Campaign Negative Phrase,Active,,Active,
2016_Search_EmployeeGreetingCards,,ideas,Campaign Negative Broad,Active,,Active,
2016_Search_EmployeeGreetingCards,,electronic,Campaign Negative Broad,Active,,Active,
2016_Search_EmployeeGreetingCards,,e mail,Campaign Negative Phrase,Active,,Active,
2016_Search_EmployeeGreetingCards,,e greeting,Campaign Negative Phrase,Active,,Active,
2016_Search_EmployeeGreetingCards,,ecard,Campaign Negative Phrase,Active,,Active,
2016_Search_EmployeeGreetingCards,,free,Campaign Negative Broad,Active,,Active,
2016_Search_EmployeeGreetingCards,,on line,Campaign Negative Broad,Active,,Active,
2016_Search_EmployeeGreetingCards,,artist cards,Campaign Negative Phrase,Active,,Active,
2016_Search_EmployeeGreetingCards,,saying,Campaign Negative Broad,Active,,Active,
2016_Search_EmployeeGreetingCards,,pet sympathy cards,Campaign Negative Phrase,Active,,Active,
2016_Search_EmployeeGreetingCards,,idea,Campaign Negative Broad,Active,,Active,
2016_Search_EmployeeGreetingCards,,digital,Campaign Negative Broad,Active,,Active,
2016_Search_EmployeeGreetingCards,,to print,Campaign Negative Phrase,Active,,Active,
2016_Search_EmployeeGreetingCards,,how to,Campaign Negative Phrase,Active,,Active,
2016_Search_EmployeeGreetingCards,,examples,Campaign Negative Broad,Active,,Active,
2016_Search_EmployeeGreetingCards,,create your own,Campaign Negative Phrase,Active,,Active,
2016_Search_EmployeeGreetingCards,,hallmark cards,Campaign Negative Exact,Active,,Active,
2016_Search_EmployeeGreetingCards,,downloadable,Campaign Negative Broad,Active,,Active,
2016_Search_EmployeeGreetingCards,,example,Campaign Negative Broad,Active,,Active,
2016_Search_EmployeeGreetingCards,,playing cards,Campaign Negative Phrase,Active,,Active,
2016_Search_EmployeeGreetingCards,,business cards,Campaign Negative Exact,Active,,Active,
2016_Search_EmployeeGreetingCards,,ecards,Campaign Negative Phrase,Active,,Active,
2016_Search_EmployeeGreetingCards,,message,Campaign Negative Broad,Active,,Active,
2016_Search_EmployeeGreetingCards,,email,Campaign Negative Broad,Active,,Active,
2016_Search_EmployeeGreetingCards,,online,Campaign Negative Broad,Active,,Active,
2016_Search_EmployeeGreetingCards,,papyrus,Campaign Negative Broad,Active,,Active,
2016_Search_EmployeeGreetingCards,,e business card,Campaign Negative Phrase,Active,,Active,
2016_Search_EmployeeGreetingCards,,sayings,Campaign Negative Broad,Active,,Active,
2016_Search_EmployeeGreetingCards,,hallmark,Campaign Negative Broad,Active,,Active,
2016_Search_EmployeeGreetingCards,,writing,Campaign Negative Broad,Active,,Active,
2016_Search_EmployeeGreetingCards,,sample,Campaign Negative Broad,Active,,Active,
2016_Search_EmployeeGreetingCards,,artist card,Campaign Negative Phrase,Active,,Active,
2016_Search_EmployeeGreetingCards,,wording,Campaign Negative Broad,Active,,Active,
2016_Search_EmployeeGreetingCards,,template,Campaign Negative Broad,Active,,Active,
2016_Search_EmployeeGreetingCards,,make your own,Campaign Negative Phrase,Active,,Active,
2016_Search_EmployeeGreetingCards,,what to,Campaign Negative Phrase,Active,,Active,
2016_Search_EmployeeGreetingCards,,business card printing,Campaign Negative Broad,Active,,Active,
2016_Search_EmployeeGreetingCards,,printable,Campaign Negative Broad,Active,,Active,
2016_Search_EmployeeGreetingCards,,templates,Campaign Negative Broad,Active,,Active,
2016_Search_EmployeeGreetingCards,,write,Campaign Negative Broad,Active,,Active,
2016_Search_EmployeeGreetingCards,,virtual,Campaign Negative Broad,Active,,Active,
2016_Search_EmployeeGreetingCards,,egreeting,Campaign Negative Broad,Active,,Active,
2016_Search_EmployeeGreetingCards,,e cards,Campaign Negative Phrase,Active,,Active,
2016_Search_EmployeeGreetingCards,,print,Campaign Negative Broad,Active,,Active,
2016_Search_InsuranceGreetingCards,,download,Campaign Negative Broad,Active,,Active,
2016_Search_InsuranceGreetingCards,,papyrus,Campaign Negative Broad,Active,,Active,
2016_Search_InsuranceGreetingCards,,e business card,Campaign Negative Phrase,Active,,Active,
2016_Search_InsuranceGreetingCards,,saying,Campaign Negative Broad,Active,,Active,
2016_Search_InsuranceGreetingCards,,e card,Campaign Negative Phrase,Active,,Active,
2016_Search_InsuranceGreetingCards,,e greeting,Campaign Negative Phrase,Active,,Active,
2016_Search_InsuranceGreetingCards,,hallmark cards,Campaign Negative Exact,Active,,Active,
2016_Search_InsuranceGreetingCards,,to print,Campaign Negative Phrase,Active,,Active,
2016_Search_InsuranceGreetingCards,,example,Campaign Negative Broad,Active,,Active,
2016_Search_InsuranceGreetingCards,,print,Campaign Negative Broad,Active,,Active,
2016_Search_InsuranceGreetingCards,,e cards,Campaign Negative Phrase,Active,,Active,
2016_Search_InsuranceGreetingCards,,business card printing,Campaign Negative Broad,Active,,Active,
2016_Search_InsuranceGreetingCards,,what to,Campaign Negative Phrase,Active,,Active,
2016_Search_InsuranceGreetingCards,,playing cards,Campaign Negative Phrase,Active,,Active,
2016_Search_InsuranceGreetingCards,,write,Campaign Negative Broad,Active,,Active,
2016_Search_InsuranceGreetingCards,,pet loss,Campaign Negative Phrase,Active,,Active,
2016_Search_InsuranceGreetingCards,,email,Campaign Negative Broad,Active,,Active,
2016_Search_InsuranceGreetingCards,,wording,Campaign Negative Broad,Active,,Active,
2016_Search_InsuranceGreetingCards,,pet sympathy cards,Campaign Negative Phrase,Active,,Active,
2016_Search_InsuranceGreetingCards,,messages,Campaign Negative Broad,Active,,Active,
2016_Search_InsuranceGreetingCards,,sample,Campaign Negative Broad,Active,,Active,
2016_Search_InsuranceGreetingCards,,printable,Campaign Negative Broad,Active,,Active,
2016_Search_InsuranceGreetingCards,,electronic,Campaign Negative Broad,Active,,Active,
2016_Search_InsuranceGreetingCards,,egreeting,Campaign Negative Broad,Active,,Active,
2016_Search_InsuranceGreetingCards,,business card,Campaign Negative Exact,Active,,Active,
2016_Search_InsuranceGreetingCards,,hallmark,Campaign Negative Broad,Active,,Active,
2016_Search_InsuranceGreetingCards,,e business cards,Campaign Negative Phrase,Active,,Active,
2016_Search_InsuranceGreetingCards,,template,Campaign Negative Broad,Active,,Active,
2016_Search_InsuranceGreetingCards,,supplies,Campaign Negative Broad,Active,,Active,
2016_Search_InsuranceGreetingCards,,software,Campaign Negative Broad,Active,,Active,
2016_Search_InsuranceGreetingCards,,ideas,Campaign Negative Broad,Active,,Active,
2016_Search_InsuranceGreetingCards,,free,Campaign Negative Broad,Active,,Active,
2016_Search_InsuranceGreetingCards,,how to,Campaign Negative Phrase,Active,,Active,
2016_Search_InsuranceGreetingCards,,artist cards,Campaign Negative Phrase,Active,,Active,
2016_Search_InsuranceGreetingCards,,ecards,Campaign Negative Phrase,Active,,Active,
2016_Search_InsuranceGreetingCards,,recycled paper,Campaign Negative Phrase,Active,,Active,
2016_Search_InsuranceGreetingCards,,idea,Campaign Negative Broad,Active,,Active,
2016_Search_InsuranceGreetingCards,,on line,Campaign Negative Broad,Active,,Active,
2016_Search_InsuranceGreetingCards,,sayings,Campaign Negative Broad,Active,,Active,
2016_Search_InsuranceGreetingCards,,handwritten,Campaign Negative Broad,Active,,Active,
2016_Search_InsuranceGreetingCards,,downloadable,Campaign Negative Broad,Active,,Active,
2016_Search_InsuranceGreetingCards,,make your own,Campaign Negative Phrase,Active,,Active,
2016_Search_InsuranceGreetingCards,,ecard,Campaign Negative Phrase,Active,,Active,
2016_Search_InsuranceGreetingCards,,create your own,Campaign Negative Phrase,Active,,Active,
2016_Search_InsuranceGreetingCards,,digital,Campaign Negative Broad,Active,,Active,
2016_Search_InsuranceGreetingCards,,business cards,Campaign Negative Exact,Active,,Active,
2016_Search_InsuranceGreetingCards,,virtual,Campaign Negative Broad,Active,,Active,
2016_Search_InsuranceGreetingCards,,artist card,Campaign Negative Phrase,Active,,Active,
2016_Search_InsuranceGreetingCards,,online,Campaign Negative Broad,Active,,Active,
2016_Search_InsuranceGreetingCards,,writing,Campaign Negative Broad,Active,,Active,
2016_Search_InsuranceGreetingCards,,e mail,Campaign Negative Phrase,Active,,Active,
2016_Search_InsuranceGreetingCards,,templates,Campaign Negative Broad,Active,,Active,
2016_Search_InsuranceGreetingCards,,message,Campaign Negative Broad,Active,,Active,
2016_Search_InsuranceGreetingCards,,examples,Campaign Negative Broad,Active,,Active,
2016_Search_RealEstateGreetingCards,,hallmark cards,Campaign Negative Exact,Active,,Active,
2016_Search_RealEstateGreetingCards,,writing,Campaign Negative Broad,Active,,Active,
2016_Search_RealEstateGreetingCards,,electronic,Campaign Negative Broad,Active,,Active,
2016_Search_RealEstateGreetingCards,,handwritten,Campaign Negative Broad,Active,,Active,
2016_Search_RealEstateGreetingCards,,supplies,Campaign Negative Broad,Active,,Active,
2016_Search_RealEstateGreetingCards,,online,Campaign Negative Broad,Active,,Active,
2016_Search_RealEstateGreetingCards,,hallmark,Campaign Negative Broad,Active,,Active,
2016_Search_RealEstateGreetingCards,,free,Campaign Negative Broad,Active,,Active,
2016_Search_RealEstateGreetingCards,,to print,Campaign Negative Phrase,Active,,Active,
2016_Search_RealEstateGreetingCards,,recycled paper,Campaign Negative Phrase,Active,,Active,
2016_Search_RealEstateGreetingCards,,software,Campaign Negative Broad,Active,,Active,
2016_Search_RealEstateGreetingCards,,egreeting,Campaign Negative Broad,Active,,Active,
2016_Search_RealEstateGreetingCards,,idea,Campaign Negative Broad,Active,,Active,
2016_Search_RealEstateGreetingCards,,what to,Campaign Negative Phrase,Active,,Active,
2016_Search_RealEstateGreetingCards,,virtual,Campaign Negative Broad,Active,,Active,
2016_Search_RealEstateGreetingCards,,papyrus,Campaign Negative Broad,Active,,Active,
2016_Search_RealEstateGreetingCards,,downloadable,Campaign Negative Broad,Active,,Active,
2016_Search_RealEstateGreetingCards,,e greeting,Campaign Negative Phrase,Active,,Active,
2016_Search_RealEstateGreetingCards,,e business cards,Campaign Negative Phrase,Active,,Active,
2016_Search_RealEstateGreetingCards,,e mail,Campaign Negative Phrase,Active,,Active,
2016_Search_RealEstateGreetingCards,,example,Campaign Negative Broad,Active,,Active,
2016_Search_RealEstateGreetingCards,,ecard,Campaign Negative Phrase,Active,,Active,
2016_Search_RealEstateGreetingCards,,message,Campaign Negative Broad,Active,,Active,
2016_Search_RealEstateGreetingCards,,e card,Campaign Negative Phrase,Active,,Active,
2016_Search_RealEstateGreetingCards,,saying,Campaign Negative Broad,Active,,Active,
2016_Search_RealEstateGreetingCards,,sayings,Campaign Negative Broad,Active,,Active,
2016_Search_RealEstateGreetingCards,,artist cards,Campaign Negative Phrase,Active,,Active,
2016_Search_RealEstateGreetingCards,,pet loss,Campaign Negative Phrase,Active,,Active,
2016_Search_RealEstateGreetingCards,,email,Campaign Negative Broad,Active,,Active,
2016_Search_RealEstateGreetingCards,,artist card,Campaign Negative Phrase,Active,,Active,
2016_Search_RealEstateGreetingCards,,wording,Campaign Negative Broad,Active,,Active,
2016_Search_RealEstateGreetingCards,,pet sympathy cards,Campaign Negative Phrase,Active,,Active,
2016_Search_RealEstateGreetingCards,,ecards,Campaign Negative Phrase,Active,,Active,
2016_Search_RealEstateGreetingCards,,playing cards,Campaign Negative Phrase,Active,,Active,
2016_Search_RealEstateGreetingCards,,business cards,Campaign Negative Exact,Active,,Active,
2016_Search_RealEstateGreetingCards,,make your own,Campaign Negative Phrase,Active,,Active,
2016_Search_RealEstateGreetingCards,,template,Campaign Negative Broad,Active,,Active,
2016_Search_RealEstateGreetingCards,,examples,Campaign Negative Broad,Active,,Active,
2016_Search_RealEstateGreetingCards,,messages,Campaign Negative Broad,Active,,Active,
2016_Search_RealEstateGreetingCards,,sample,Campaign Negative Broad,Active,,Active,
2016_Search_RealEstateGreetingCards,,e cards,Campaign Negative Phrase,Active,,Active,
2016_Search_RealEstateGreetingCards,,create your own,Campaign Negative Phrase,Active,,Active,
2016_Search_RealEstateGreetingCards,,print,Campaign Negative Broad,Active,,Active,
2016_Search_RealEstateGreetingCards,,download,Campaign Negative Broad,Active,,Active,
2016_Search_RealEstateGreetingCards,,templates,Campaign Negative Broad,Active,,Active,
2016_Search_RealEstateGreetingCards,,printable,Campaign Negative Broad,Active,,Active,
2016_Search_RealEstateGreetingCards,,business card printing,Campaign Negative Broad,Active,,Active,
2016_Search_RealEstateGreetingCards,,ideas,Campaign Negative Broad,Active,,Active,
2016_Search_RealEstateGreetingCards,,digital,Campaign Negative Broad,Active,,Active,
2016_Search_RealEstateGreetingCards,,how to,Campaign Negative Phrase,Active,,Active,
2016_Search_RealEstateGreetingCards,,write,Campaign Negative Broad,Active,,Active,
2016_Search_RealEstateGreetingCards,,on line,Campaign Negative Broad,Active,,Active,
2016_Search_RealEstateGreetingCards,,business card,Campaign Negative Exact,Active,,Active,
2016_Search_RealEstateGreetingCards,,e business card,Campaign Negative Phrase,Active,,Active,
2016_Search_AutomotiveGreetingCards,,business card,Campaign Negative Exact,Active,,Active,
2016_Search_AutomotiveGreetingCards,,e business card,Campaign Negative Phrase,Active,,Active,
2016_Search_AutomotiveGreetingCards,,template,Campaign Negative Broad,Active,,Active,
2016_Search_AutomotiveGreetingCards,,e mail,Campaign Negative Phrase,Active,,Active,
2016_Search_AutomotiveGreetingCards,,ecards,Campaign Negative Phrase,Active,,Active,
2016_Search_AutomotiveGreetingCards,,downloadable,Campaign Negative Broad,Active,,Active,
2016_Search_AutomotiveGreetingCards,,sayings,Campaign Negative Broad,Active,,Active,
2016_Search_AutomotiveGreetingCards,,create your own,Campaign Negative Phrase,Active,,Active,
2016_Search_AutomotiveGreetingCards,,handwritten,Campaign Negative Broad,Active,,Active,
2016_Search_AutomotiveGreetingCards,,playing cards,Campaign Negative Phrase,Active,,Active,
2016_Search_AutomotiveGreetingCards,,ecard,Campaign Negative Phrase,Active,,Active,
2016_Search_AutomotiveGreetingCards,,message,Campaign Negative Broad,Active,,Active,
2016_Search_AutomotiveGreetingCards,,pet loss,Campaign Negative Phrase,Active,,Active,
2016_Search_AutomotiveGreetingCards,,messages,Campaign Negative Broad,Active,,Active,
2016_Search_AutomotiveGreetingCards,,what to,Campaign Negative Phrase,Active,,Active,
2016_Search_AutomotiveGreetingCards,,artist card,Campaign Negative Phrase,Active,,Active,
2016_Search_AutomotiveGreetingCards,,virtual,Campaign Negative Broad,Active,,Active,
2016_Search_AutomotiveGreetingCards,,electronic,Campaign Negative Broad,Active,,Active,
2016_Search_AutomotiveGreetingCards,,download,Campaign Negative Broad,Active,,Active,
2016_Search_AutomotiveGreetingCards,,papyrus,Campaign Negative Broad,Active,,Active,
2016_Search_AutomotiveGreetingCards,,make your own,Campaign Negative Phrase,Active,,Active,
2016_Search_AutomotiveGreetingCards,,e card,Campaign Negative Phrase,Active,,Active,
2016_Search_AutomotiveGreetingCards,,print,Campaign Negative Broad,Active,,Active,
2016_Search_AutomotiveGreetingCards,,example,Campaign Negative Broad,Active,,Active,
2016_Search_AutomotiveGreetingCards,,free,Campaign Negative Broad,Active,,Active,
2016_Search_AutomotiveGreetingCards,,e business cards,Campaign Negative Phrase,Active,,Active,
2016_Search_AutomotiveGreetingCards,,artist cards,Campaign Negative Phrase,Active,,Active,
2016_Search_AutomotiveGreetingCards,,pet sympathy cards,Campaign Negative Phrase,Active,,Active,
2016_Search_AutomotiveGreetingCards,,examples,Campaign Negative Broad,Active,,Active,
2016_Search_AutomotiveGreetingCards,,write,Campaign Negative Broad,Active,,Active,
2016_Search_AutomotiveGreetingCards,,business card printing,Campaign Negative Broad,Active,,Active,
2016_Search_AutomotiveGreetingCards,,templates,Campaign Negative Broad,Active,,Active,
2016_Search_AutomotiveGreetingCards,,on line,Campaign Negative Broad,Active,,Active,
2016_Search_AutomotiveGreetingCards,,hallmark,Campaign Negative Broad,Active,,Active,
2016_Search_AutomotiveGreetingCards,,e cards,Campaign Negative Phrase,Active,,Active,
2016_Search_AutomotiveGreetingCards,,hallmark cards,Campaign Negative Exact,Active,,Active,
2016_Search_AutomotiveGreetingCards,,email,Campaign Negative Broad,Active,,Active,
2016_Search_AutomotiveGreetingCards,,wording,Campaign Negative Broad,Active,,Active,
2016_Search_AutomotiveGreetingCards,,sample,Campaign Negative Broad,Active,,Active,
2016_Search_AutomotiveGreetingCards,,digital,Campaign Negative Broad,Active,,Active,
2016_Search_AutomotiveGreetingCards,,idea,Campaign Negative Broad,Active,,Active,
2016_Search_AutomotiveGreetingCards,,to print,Campaign Negative Phrase,Active,,Active,
2016_Search_AutomotiveGreetingCards,,saying,Campaign Negative Broad,Active,,Active,
2016_Search_AutomotiveGreetingCards,,software,Campaign Negative Broad,Active,,Active,
2016_Search_AutomotiveGreetingCards,,e greeting,Campaign Negative Phrase,Active,,Active,
2016_Search_AutomotiveGreetingCards,,business cards,Campaign Negative Exact,Active,,Active,
2016_Search_AutomotiveGreetingCards,,supplies,Campaign Negative Broad,Active,,Active,
2016_Search_AutomotiveGreetingCards,,online,Campaign Negative Broad,Active,,Active,
2016_Search_AutomotiveGreetingCards,,egreeting,Campaign Negative Broad,Active,,Active,
2016_Search_AutomotiveGreetingCards,,recycled paper,Campaign Negative Phrase,Active,,Active,
2016_Search_AutomotiveGreetingCards,,writing,Campaign Negative Broad,Active,,Active,
2016_Search_AutomotiveGreetingCards,,ideas,Campaign Negative Broad,Active,,Active,
2016_Search_AutomotiveGreetingCards,,how to,Campaign Negative Phrase,Active,,Active,
2016_Search_AutomotiveGreetingCards,,printable,Campaign Negative Broad,Active,,Active,
2016_Search_FinancialGreetingCards,,e business card,Campaign Negative Phrase,Active,,Active,
2016_Search_FinancialGreetingCards,,create your own,Campaign Negative Phrase,Active,,Active,
2016_Search_FinancialGreetingCards,,download,Campaign Negative Broad,Active,,Active,
2016_Search_FinancialGreetingCards,,messages,Campaign Negative Broad,Active,,Active,
2016_Search_FinancialGreetingCards,,business card,Campaign Negative Exact,Active,,Active,
2016_Search_FinancialGreetingCards,,to print,Campaign Negative Phrase,Active,,Active,
2016_Search_FinancialGreetingCards,,ecard,Campaign Negative Phrase,Active,,Active,
2016_Search_FinancialGreetingCards,,business cards,Campaign Negative Exact,Active,,Active,
2016_Search_FinancialGreetingCards,,ecards,Campaign Negative Phrase,Active,,Active,
2016_Search_FinancialGreetingCards,,sayings,Campaign Negative Broad,Active,,Active,
2016_Search_FinancialGreetingCards,,handwritten,Campaign Negative Broad,Active,,Active,
2016_Search_FinancialGreetingCards,,online,Campaign Negative Broad,Active,,Active,
2016_Search_FinancialGreetingCards,,printable,Campaign Negative Broad,Active,,Active,
2016_Search_FinancialGreetingCards,,ideas,Campaign Negative Broad,Active,,Active,
2016_Search_FinancialGreetingCards,,how to,Campaign Negative Phrase,Active,,Active,
2016_Search_FinancialGreetingCards,,artist card,Campaign Negative Phrase,Active,,Active,
2016_Search_FinancialGreetingCards,,papyrus,Campaign Negative Broad,Active,,Active,
2016_Search_FinancialGreetingCards,,make your own,Campaign Negative Phrase,Active,,Active,
2016_Search_FinancialGreetingCards,,e mail,Campaign Negative Phrase,Active,,Active,
2016_Search_FinancialGreetingCards,,free,Campaign Negative Broad,Active,,Active,
2016_Search_FinancialGreetingCards,,downloadable,Campaign Negative Broad,Active,,Active,
2016_Search_FinancialGreetingCards,,hallmark,Campaign Negative Broad,Active,,Active,
2016_Search_FinancialGreetingCards,,e greeting,Campaign Negative Phrase,Active,,Active,
2016_Search_FinancialGreetingCards,,print,Campaign Negative Broad,Active,,Active,
2016_Search_FinancialGreetingCards,,artist cards,Campaign Negative Phrase,Active,,Active,
2016_Search_FinancialGreetingCards,,examples,Campaign Negative Broad,Active,,Active,
2016_Search_FinancialGreetingCards,,templates,Campaign Negative Broad,Active,,Active,
2016_Search_FinancialGreetingCards,,business card printing,Campaign Negative Broad,Active,,Active,
2016_Search_FinancialGreetingCards,,writing,Campaign Negative Broad,Active,,Active,
2016_Search_FinancialGreetingCards,,message,Campaign Negative Broad,Active,,Active,
2016_Search_FinancialGreetingCards,,virtual,Campaign Negative Broad,Active,,Active,
2016_Search_FinancialGreetingCards,,recycled paper,Campaign Negative Phrase,Active,,Active,
2016_Search_FinancialGreetingCards,,on line,Campaign Negative Broad,Active,,Active,
2016_Search_FinancialGreetingCards,,example,Campaign Negative Broad,Active,,Active,
2016_Search_FinancialGreetingCards,,e business cards,Campaign Negative Phrase,Active,,Active,
2016_Search_FinancialGreetingCards,,saying,Campaign Negative Broad,Active,,Active,
2016_Search_FinancialGreetingCards,,software,Campaign Negative Broad,Active,,Active,
2016_Search_FinancialGreetingCards,,idea,Campaign Negative Broad,Active,,Active,
2016_Search_FinancialGreetingCards,,pet loss,Campaign Negative Phrase,Active,,Active,
2016_Search_FinancialGreetingCards,,digital,Campaign Negative Broad,Active,,Active,
2016_Search_FinancialGreetingCards,,sample,Campaign Negative Broad,Active,,Active,
2016_Search_FinancialGreetingCards,,pet sympathy cards,Campaign Negative Phrase,Active,,Active,
2016_Search_FinancialGreetingCards,,template,Campaign Negative Broad,Active,,Active,
2016_Search_FinancialGreetingCards,,supplies,Campaign Negative Broad,Active,,Active,
2016_Search_FinancialGreetingCards,,playing cards,Campaign Negative Phrase,Active,,Active,
2016_Search_FinancialGreetingCards,,hallmark cards,Campaign Negative Exact,Active,,Active,
2016_Search_FinancialGreetingCards,,e card,Campaign Negative Phrase,Active,,Active,
2016_Search_FinancialGreetingCards,,e cards,Campaign Negative Phrase,Active,,Active,
2016_Search_FinancialGreetingCards,,egreeting,Campaign Negative Broad,Active,,Active,
2016_Search_FinancialGreetingCards,,electronic,Campaign Negative Broad,Active,,Active,
2016_Search_FinancialGreetingCards,,email,Campaign Negative Broad,Active,,Active,
2016_Search_FinancialGreetingCards,,what to,Campaign Negative Phrase,Active,,Active,
2016_Search_FinancialGreetingCards,,write,Campaign Negative Broad,Active,,Active,
2016_Search_FinancialGreetingCards,,wording,Campaign Negative Broad,Active,,Active,
2016_Search_TravelGreetingCards,,on line,Campaign Negative Broad,Active,,Active,
2016_Search_TravelGreetingCards,,create your own,Campaign Negative Phrase,Active,,Active,
2016_Search_TravelGreetingCards,,e card,Campaign Negative Phrase,Active,,Active,
2016_Search_TravelGreetingCards,,download,Campaign Negative Broad,Active,,Active,
2016_Search_TravelGreetingCards,,messages,Campaign Negative Broad,Active,,Active,
2016_Search_TravelGreetingCards,,artist card,Campaign Negative Phrase,Active,,Active,
2016_Search_TravelGreetingCards,,online,Campaign Negative Broad,Active,,Active,
2016_Search_TravelGreetingCards,,ideas,Campaign Negative Broad,Active,,Active,
2016_Search_TravelGreetingCards,,hallmark cards,Campaign Negative Exact,Active,,Active,
2016_Search_TravelGreetingCards,,e cards,Campaign Negative Phrase,Active,,Active,
2016_Search_TravelGreetingCards,,templates,Campaign Negative Broad,Active,,Active,
2016_Search_TravelGreetingCards,,e business cards,Campaign Negative Phrase,Active,,Active,
2016_Search_TravelGreetingCards,,e mail,Campaign Negative Phrase,Active,,Active,
2016_Search_TravelGreetingCards,,papyrus,Campaign Negative Broad,Active,,Active,
2016_Search_TravelGreetingCards,,template,Campaign Negative Broad,Active,,Active,
2016_Search_TravelGreetingCards,,saying,Campaign Negative Broad,Active,,Active,
2016_Search_TravelGreetingCards,,free,Campaign Negative Broad,Active,,Active,
2016_Search_TravelGreetingCards,,electronic,Campaign Negative Broad,Active,,Active,
2016_Search_TravelGreetingCards,,examples,Campaign Negative Broad,Active,,Active,
2016_Search_TravelGreetingCards,,writing,Campaign Negative Broad,Active,,Active,
2016_Search_TravelGreetingCards,,pet loss,Campaign Negative Phrase,Active,,Active,
2016_Search_TravelGreetingCards,,example,Campaign Negative Broad,Active,,Active,
2016_Search_TravelGreetingCards,,recycled paper,Campaign Negative Phrase,Active,,Active,
2016_Search_TravelGreetingCards,,business card printing,Campaign Negative Broad,Active,,Active,
2016_Search_TravelGreetingCards,,write,Campaign Negative Broad,Active,,Active,
2016_Search_TravelGreetingCards,,e greeting,Campaign Negative Phrase,Active,,Active,
2016_Search_TravelGreetingCards,,handwritten,Campaign Negative Broad,Active,,Active,
2016_Search_TravelGreetingCards,,downloadable,Campaign Negative Broad,Active,,Active,
2016_Search_TravelGreetingCards,,e business card,Campaign Negative Phrase,Active,,Active,
2016_Search_TravelGreetingCards,,business card,Campaign Negative Exact,Active,,Active,
2016_Search_TravelGreetingCards,,ecards,Campaign Negative Phrase,Active,,Active,
2016_Search_TravelGreetingCards,,print,Campaign Negative Broad,Active,,Active,
2016_Search_TravelGreetingCards,,software,Campaign Negative Broad,Active,,Active,
2016_Search_TravelGreetingCards,,to print,Campaign Negative Phrase,Active,,Active,
2016_Search_TravelGreetingCards,,make your own,Campaign Negative Phrase,Active,,Active,
2016_Search_TravelGreetingCards,,hallmark,Campaign Negative Broad,Active,,Active,
2016_Search_TravelGreetingCards,,sayings,Campaign Negative Broad,Active,,Active,
2016_Search_TravelGreetingCards,,business cards,Campaign Negative Exact,Active,,Active,
2016_Search_TravelGreetingCards,,playing cards,Campaign Negative Phrase,Active,,Active,
2016_Search_TravelGreetingCards,,idea,Campaign Negative Broad,Active,,Active,
2016_Search_TravelGreetingCards,,printable,Campaign Negative Broad,Active,,Active,
2016_Search_TravelGreetingCards,,sample,Campaign Negative Broad,Active,,Active,
2016_Search_TravelGreetingCards,,egreeting,Campaign Negative Broad,Active,,Active,
2016_Search_TravelGreetingCards,,wording,Campaign Negative Broad,Active,,Active,
2016_Search_TravelGreetingCards,,pet sympathy cards,Campaign Negative Phrase,Active,,Active,
2016_Search_TravelGreetingCards,,email,Campaign Negative Broad,Active,,Active,
2016_Search_TravelGreetingCards,,artist cards,Campaign Negative Phrase,Active,,Active,
2016_Search_TravelGreetingCards,,supplies,Campaign Negative Broad,Active,,Active,
2016_Search_TravelGreetingCards,,ecard,Campaign Negative Phrase,Active,,Active,
2016_Search_TravelGreetingCards,,digital,Campaign Negative Broad,Active,,Active,
2016_Search_TravelGreetingCards,,what to,Campaign Negative Phrase,Active,,Active,
2016_Search_TravelGreetingCards,,message,Campaign Negative Broad,Active,,Active,
2016_Search_TravelGreetingCards,,virtual,Campaign Negative Broad,Active,,Active,
2016_Search_TravelGreetingCards,,how to,Campaign Negative Phrase,Active,,Active,
2016_Search Business Greeting Cards,,e business card,Campaign Negative Phrase,Active,,Active,
2016_Search Business Greeting Cards,,download,Campaign Negative Broad,Active,,Active,
2016_Search Business Greeting Cards,,make your own,Campaign Negative Phrase,Active,,Active,
2016_Search Business Greeting Cards,,e mail,Campaign Negative Phrase,Active,,Active,
2016_Search Business Greeting Cards,,business card,Campaign Negative Exact,Active,,Active,
2016_Search Business Greeting Cards,,supplies,Campaign Negative Broad,Active,,Active,
2016_Search Business Greeting Cards,,business cards,Campaign Negative Exact,Active,,Active,
2016_Search Business Greeting Cards,,message,Campaign Negative Broad,Active,,Active,
2016_Search Business Greeting Cards,,artist card,Campaign Negative Phrase,Active,,Active,
2016_Search Business Greeting Cards,,hallmark,Campaign Negative Broad,Active,,Active,
2016_Search Business Greeting Cards,,digital,Campaign Negative Broad,Active,,Active,
2016_Search Business Greeting Cards,,create your own,Campaign Negative Phrase,Active,,Active,
2016_Search Business Greeting Cards,,writing,Campaign Negative Broad,Active,,Active,
2016_Search Business Greeting Cards,,idea,Campaign Negative Broad,Active,,Active,
2016_Search Business Greeting Cards,,how to,Campaign Negative Phrase,Active,,Active,
2016_Search Business Greeting Cards,,downloadable,Campaign Negative Broad,Active,,Active,
2016_Search Business Greeting Cards,,handwritten,Campaign Negative Broad,Active,,Active,
2016_Search Business Greeting Cards,,email,Campaign Negative Broad,Active,,Active,
2016_Search Business Greeting Cards,,template,Campaign Negative Broad,Active,,Active,
2016_Search Business Greeting Cards,,to print,Campaign Negative Phrase,Active,,Active,
2016_Search Business Greeting Cards,,papyrus,Campaign Negative Broad,Active,,Active,
2016_Search Business Greeting Cards,,on line,Campaign Negative Broad,Active,,Active,
2016_Search Business Greeting Cards,,ecards,Campaign Negative Phrase,Active,,Active,
2016_Search Business Greeting Cards,,example,Campaign Negative Broad,Active,,Active,
2016_Search Business Greeting Cards,,ecard,Campaign Negative Phrase,Active,,Active,
2016_Search Business Greeting Cards,,playing cards,Campaign Negative Phrase,Active,,Active,
2016_Search Business Greeting Cards,,free,Campaign Negative Broad,Active,,Active,
2016_Search Business Greeting Cards,,wording,Campaign Negative Broad,Active,,Active,
2016_Search Business Greeting Cards,,recycled paper,Campaign Negative Phrase,Active,,Active,
2016_Search Business Greeting Cards,,pet sympathy cards,Campaign Negative Phrase,Active,,Active,
2016_Search Business Greeting Cards,,saying,Campaign Negative Broad,Active,,Active,
2016_Search Business Greeting Cards,,e card,Campaign Negative Phrase,Active,,Active,
2016_Search Business Greeting Cards,,sayings,Campaign Negative Broad,Active,,Active,
2016_Search Business Greeting Cards,,ideas,Campaign Negative Broad,Active,,Active,
2016_Search Business Greeting Cards,,business card printing,Campaign Negative Broad,Active,,Active,
2016_Search Business Greeting Cards,,what to,Campaign Negative Phrase,Active,,Active,
2016_Search Business Greeting Cards,,software,Campaign Negative Broad,Active,,Active,
2016_Search Business Greeting Cards,,e cards,Campaign Negative Phrase,Active,,Active,
2016_Search Business Greeting Cards,,print,Campaign Negative Broad,Active,,Active,
2016_Search Business Greeting Cards,,sample,Campaign Negative Broad,Active,,Active,
2016_Search Business Greeting Cards,,messages,Campaign Negative Broad,Active,,Active,
2016_Search Business Greeting Cards,,templates,Campaign Negative Broad,Active,,Active,
2016_Search Business Greeting Cards,,electronic,Campaign Negative Broad,Active,,Active,
2016_Search Business Greeting Cards,,printable,Campaign Negative Broad,Active,,Active,
2016_Search Business Greeting Cards,,virtual,Campaign Negative Broad,Active,,Active,
2016_Search Business Greeting Cards,,write,Campaign Negative Broad,Active,,Active,
2016_Search Business Greeting Cards,,examples,Campaign Negative Broad,Active,,Active,
2016_Search Business Greeting Cards,,egreeting,Campaign Negative Broad,Active,,Active,
2016_Search Business Greeting Cards,,e business cards,Campaign Negative Phrase,Active,,Active,
2016_Search Business Greeting Cards,,e greeting,Campaign Negative Phrase,Active,,Active,
2016_Search Business Greeting Cards,,hallmark cards,Campaign Negative Exact,Active,,Active,
2016_Search Business Greeting Cards,,artist cards,Campaign Negative Phrase,Active,,Active,
2016_Search Business Greeting Cards,,pet loss,Campaign Negative Phrase,Active,,Active,
2016_Search Business Greeting Cards,,online,Campaign Negative Broad,Active,,Active,
2016_Search_DentalGreetingCards,,business card,Campaign Negative Exact,Active,,Active,
2016_Search_DentalGreetingCards,,to print,Campaign Negative Phrase,Active,,Active,
2016_Search_DentalGreetingCards,,supplies,Campaign Negative Broad,Active,,Active,
2016_Search_DentalGreetingCards,,saying,Campaign Negative Broad,Active,,Active,
2016_Search_DentalGreetingCards,,email,Campaign Negative Broad,Active,,Active,
2016_Search_DentalGreetingCards,,handwritten,Campaign Negative Broad,Active,,Active,
2016_Search_DentalGreetingCards,,playing cards,Campaign Negative Phrase,Active,,Active,
2016_Search_DentalGreetingCards,,recycled paper,Campaign Negative Phrase,Active,,Active,
2016_Search_DentalGreetingCards,,create your own,Campaign Negative Phrase,Active,,Active,
2016_Search_DentalGreetingCards,,sample,Campaign Negative Broad,Active,,Active,
2016_Search_DentalGreetingCards,,egreeting,Campaign Negative Broad,Active,,Active,
2016_Search_DentalGreetingCards,,what to,Campaign Negative Phrase,Active,,Active,
2016_Search_DentalGreetingCards,,virtual,Campaign Negative Broad,Active,,Active,
2016_Search_DentalGreetingCards,,idea,Campaign Negative Broad,Active,,Active,
2016_Search_DentalGreetingCards,,papyrus,Campaign Negative Broad,Active,,Active,
2016_Search_DentalGreetingCards,,make your own,Campaign Negative Phrase,Active,,Active,
2016_Search_DentalGreetingCards,,on line,Campaign Negative Broad,Active,,Active,
2016_Search_DentalGreetingCards,,e card,Campaign Negative Phrase,Active,,Active,
2016_Search_DentalGreetingCards,,online,Campaign Negative Broad,Active,,Active,
2016_Search_DentalGreetingCards,,e greeting,Campaign Negative Phrase,Active,,Active,
2016_Search_DentalGreetingCards,,business cards,Campaign Negative Exact,Active,,Active,
2016_Search_DentalGreetingCards,,artist card,Campaign Negative Phrase,Active,,Active,
2016_Search_DentalGreetingCards,,e cards,Campaign Negative Phrase,Active,,Active,
2016_Search_DentalGreetingCards,,print,Campaign Negative Broad,Active,,Active,
2016_Search_DentalGreetingCards,,examples,Campaign Negative Broad,Active,,Active,
2016_Search_DentalGreetingCards,,how to,Campaign Negative Phrase,Active,,Active,
2016_Search_DentalGreetingCards,,digital,Campaign Negative Broad,Active,,Active,
2016_Search_DentalGreetingCards,,download,Campaign Negative Broad,Active,,Active,
2016_Search_DentalGreetingCards,,templates,Campaign Negative Broad,Active,,Active,
2016_Search_DentalGreetingCards,,messages,Campaign Negative Broad,Active,,Active,
2016_Search_DentalGreetingCards,,ecards,Campaign Negative Phrase,Active,,Active,
2016_Search_DentalGreetingCards,,downloadable,Campaign Negative Broad,Active,,Active,
2016_Search_DentalGreetingCards,,e mail,Campaign Negative Phrase,Active,,Active,
2016_Search_DentalGreetingCards,,e business card,Campaign Negative Phrase,Active,,Active,
2016_Search_DentalGreetingCards,,template,Campaign Negative Broad,Active,,Active,
2016_Search_DentalGreetingCards,,example,Campaign Negative Broad,Active,,Active,
2016_Search_DentalGreetingCards,,ecard,Campaign Negative Phrase,Active,,Active,
2016_Search_DentalGreetingCards,,sayings,Campaign Negative Broad,Active,,Active,
2016_Search_DentalGreetingCards,,hallmark,Campaign Negative Broad,Active,,Active,
2016_Search_DentalGreetingCards,,pet loss,Campaign Negative Phrase,Active,,Active,
2016_Search_DentalGreetingCards,,artist cards,Campaign Negative Phrase,Active,,Active,
2016_Search_DentalGreetingCards,,e business cards,Campaign Negative Phrase,Active,,Active,
2016_Search_DentalGreetingCards,,hallmark cards,Campaign Negative Exact,Active,,Active,
2016_Search_DentalGreetingCards,,free,Campaign Negative Broad,Active,,Active,
2016_Search_DentalGreetingCards,,wording,Campaign Negative Broad,Active,,Active,
2016_Search_DentalGreetingCards,,pet sympathy cards,Campaign Negative Phrase,Active,,Active,
2016_Search_DentalGreetingCards,,software,Campaign Negative Broad,Active,,Active,
2016_Search_DentalGreetingCards,,ideas,Campaign Negative Broad,Active,,Active,
2016_Search_DentalGreetingCards,,business card printing,Campaign Negative Broad,Active,,Active,
2016_Search_DentalGreetingCards,,writing,Campaign Negative Broad,Active,,Active,
2016_Search_DentalGreetingCards,,message,Campaign Negative Broad,Active,,Active,
2016_Search_DentalGreetingCards,,write,Campaign Negative Broad,Active,,Active,
2016_Search_DentalGreetingCards,,electronic,Campaign Negative Broad,Active,,Active,
2016_Search_DentalGreetingCards,,printable,Campaign Negative Broad,Active,,Active,
2016_My Search Brand,,hallmark,Campaign Negative Broad,Active,,Active,
2016_My Search Brand,,handwritten,Campaign Negative Broad,Active,,Active,
2016_My Search Brand,,online,Campaign Negative Broad,Active,,Active,
2016_My Search Brand,,e cards,Campaign Negative Phrase,Active,,Active,
2016_My Search Brand,,messages,Campaign Negative Broad,Active,,Active,
2016_My Search Brand,,digital,Campaign Negative Broad,Active,,Active,
2016_My Search Brand,,recycled paper,Campaign Negative Phrase,Active,,Active,
2016_My Search Brand,,printable,Campaign Negative Broad,Active,,Active,
2016_My Search Brand,,on line,Campaign Negative Broad,Active,,Active,
2016_My Search Brand,,e mail,Campaign Negative Phrase,Active,,Active,
2016_My Search Brand,,ecards,Campaign Negative Phrase,Active,,Active,
2016_My Search Brand,,e card,Campaign Negative Phrase,Active,,Active,
2016_My Search Brand,,e greeting,Campaign Negative Phrase,Active,,Active,
2016_My Search Brand,,example,Campaign Negative Broad,Active,,Active,
2016_My Search Brand,,artist cards,Campaign Negative Phrase,Active,,Active,
2016_My Search Brand,,playing cards,Campaign Negative Phrase,Active,,Active,
2016_My Search Brand,,create your own,Campaign Negative Phrase,Active,,Active,
2016_My Search Brand,,make your own,Campaign Negative Phrase,Active,,Active,
2016_My Search Brand,,writing,Campaign Negative Broad,Active,,Active,
2016_My Search Brand,,what to,Campaign Negative Phrase,Active,,Active,
2016_My Search Brand,,pet sympathy cards,Campaign Negative Phrase,Active,,Active,
2016_My Search Brand,,examples,Campaign Negative Broad,Active,,Active,
2016_My Search Brand,,templates,Campaign Negative Broad,Active,,Active,
2016_My Search Brand,,download,Campaign Negative Broad,Active,,Active,
2016_My Search Brand,,how to,Campaign Negative Phrase,Active,,Active,
2016_My Search Brand,,e business card,Campaign Negative Phrase,Active,,Active,
2016_My Search Brand,,e business cards,Campaign Negative Phrase,Active,,Active,
2016_My Search Brand,,hallmark cards,Campaign Negative Exact,Active,,Active,
2016_My Search Brand,,saying,Campaign Negative Broad,Active,,Active,
2016_My Search Brand,,sayings,Campaign Negative Broad,Active,,Active,
2016_My Search Brand,,ecard,Campaign Negative Phrase,Active,,Active,
2016_My Search Brand,,supplies,Campaign Negative Broad,Active,,Active,
2016_My Search Brand,,email,Campaign Negative Broad,Active,,Active,
2016_My Search Brand,,pet loss,Campaign Negative Phrase,Active,,Active,
2016_My Search Brand,,business cards,Campaign Negative Exact,Active,,Active,
2016_My Search Brand,,free,Campaign Negative Broad,Active,,Active,
2016_My Search Brand,,print,Campaign Negative Broad,Active,,Active,
2016_My Search Brand,,software,Campaign Negative Broad,Active,,Active,
2016_My Search Brand,,sample,Campaign Negative Broad,Active,,Active,
2016_My Search Brand,,message,Campaign Negative Broad,Active,,Active,
2016_My Search Brand,,business card printing,Campaign Negative Broad,Active,,Active,
2016_My Search Brand,,ideas,Campaign Negative Broad,Active,,Active,
2016_My Search Brand,,template,Campaign Negative Broad,Active,,Active,
2016_My Search Brand,,to print,Campaign Negative Phrase,Active,,Active,
2016_My Search Brand,,write,Campaign Negative Broad,Active,,Active,
2016_My Search Brand,,virtual,Campaign Negative Broad,Active,,Active,
2016_My Search Brand,,wording,Campaign Negative Broad,Active,,Active,
2016_My Search Brand,,artist card,Campaign Negative Phrase,Active,,Active,
2016_My Search Brand,,electronic,Campaign Negative Broad,Active,,Active,
2016_My Search Brand,,idea,Campaign Negative Broad,Active,,Active,
2016_My Search Brand,,downloadable,Campaign Negative Broad,Active,,Active,
2016_My Search Brand,,egreeting,Campaign Negative Broad,Active,,Active,
2016_My Search Brand,,business card,Campaign Negative Exact,Active,,Active,
2016_My Search Brand,,papyrus,Campaign Negative Broad,Active,,Active,
2016_Search_Congratulations Cards,,e business cards,Campaign Negative Phrase,Active,,Active,
2016_Search_Congratulations Cards,,make your own,Campaign Negative Phrase,Active,,Active,
2016_Search_Congratulations Cards,,e business card,Campaign Negative Phrase,Active,,Active,
2016_Search_Congratulations Cards,,e card,Campaign Negative Phrase,Active,,Active,
2016_Search_Congratulations Cards,,example,Campaign Negative Broad,Active,,Active,
2016_Search_Congratulations Cards,,email,Campaign Negative Broad,Active,,Active,
2016_Search_Congratulations Cards,,free,Campaign Negative Broad,Active,,Active,
2016_Search_Congratulations Cards,,idea,Campaign Negative Broad,Active,,Active,
2016_Search_Congratulations Cards,,write,Campaign Negative Broad,Active,,Active,
2016_Search_Congratulations Cards,,egreeting,Campaign Negative Broad,Active,,Active,
2016_Search_Congratulations Cards,,recycled paper,Campaign Negative Phrase,Active,,Active,
2016_Search_Congratulations Cards,,business card printing,Campaign Negative Broad,Active,,Active,
2016_Search_Congratulations Cards,,messages,Campaign Negative Broad,Active,,Active,
2016_Search_Congratulations Cards,,create your own,Campaign Negative Phrase,Active,,Active,
2016_Search_Congratulations Cards,,e greeting,Campaign Negative Phrase,Active,,Active,
2016_Search_Congratulations Cards,,template,Campaign Negative Broad,Active,,Active,
2016_Search_Congratulations Cards,,hallmark,Campaign Negative Broad,Active,,Active,
2016_Search_Congratulations Cards,,papyrus,Campaign Negative Broad,Active,,Active,
2016_Search_Congratulations Cards,,on line,Campaign Negative Broad,Active,,Active,
2016_Search_Congratulations Cards,,pet loss,Campaign Negative Phrase,Active,,Active,
2016_Search_Congratulations Cards,,supplies,Campaign Negative Broad,Active,,Active,
2016_Search_Congratulations Cards,,playing cards,Campaign Negative Phrase,Active,,Active,
2016_Search_Congratulations Cards,,message,Campaign Negative Broad,Active,,Active,
2016_Search_Congratulations Cards,,downloadable,Campaign Negative Broad,Active,,Active,
2016_Search_Congratulations Cards,,electronic,Campaign Negative Broad,Active,,Active,
2016_Search_Congratulations Cards,,printable,Campaign Negative Broad,Active,,Active,
2016_Search_Congratulations Cards,,how to,Campaign Negative Phrase,Active,,Active,
2016_Search_Congratulations Cards,,examples,Campaign Negative Broad,Active,,Active,
2016_Search_Congratulations Cards,,wording,Campaign Negative Broad,Active,,Active,
2016_Search_Congratulations Cards,,ideas,Campaign Negative Broad,Active,,Active,
2016_Search_Congratulations Cards,,writing,Campaign Negative Broad,Active,,Active,
2016_Search_Congratulations Cards,,e cards,Campaign Negative Phrase,Active,,Active,
2016_Search_Congratulations Cards,,handwritten,Campaign Negative Broad,Active,,Active,
2016_Search_Congratulations Cards,,hallmark cards,Campaign Negative Exact,Active,,Active,
2016_Search_Congratulations Cards,,to print,Campaign Negative Phrase,Active,,Active,
2016_Search_Congratulations Cards,,ecards,Campaign Negative Phrase,Active,,Active,
2016_Search_Congratulations Cards,,sayings,Campaign Negative Broad,Active,,Active,
2016_Search_Congratulations Cards,,saying,Campaign Negative Broad,Active,,Active,
2016_Search_Congratulations Cards,,business card,Campaign Negative Exact,Active,,Active,
2016_Search_Congratulations Cards,,ecard,Campaign Negative Phrase,Active,,Active,
2016_Search_Congratulations Cards,,business cards,Campaign Negative Exact,Active,,Active,
2016_Search_Congratulations Cards,,online,Campaign Negative Broad,Active,,Active,
2016_Search_Congratulations Cards,,artist cards,Campaign Negative Phrase,Active,,Active,
2016_Search_Congratulations Cards,,templates,Campaign Negative Broad,Active,,Active,
2016_Search_Congratulations Cards,,download,Campaign Negative Broad,Active,,Active,
2016_Search_Congratulations Cards,,virtual,Campaign Negative Broad,Active,,Active,
2016_Search_Congratulations Cards,,pet sympathy cards,Campaign Negative Phrase,Active,,Active,
2016_Search_Congratulations Cards,,artist card,Campaign Negative Phrase,Active,,Active,
2016_Search_Congratulations Cards,,digital,Campaign Negative Broad,Active,,Active,
2016_Search_Congratulations Cards,,what to,Campaign Negative Phrase,Active,,Active,
2016_Search_Congratulations Cards,,sample,Campaign Negative Broad,Active,,Active,
2016_Search_Congratulations Cards,,print,Campaign Negative Broad,Active,,Active,
2016_Search_Congratulations Cards,,software,Campaign Negative Broad,Active,,Active,
2016_Search_Congratulations Cards,,e mail,Campaign Negative Phrase,Active,,Active,
2016_Search Business Birthday Cards,,e card,Campaign Negative Phrase,Active,,Active,
2016_Search Business Birthday Cards,,print,Campaign Negative Broad,Active,,Active,
2016_Search Business Birthday Cards,,ecard,Campaign Negative Phrase,Active,,Active,
2016_Search Business Birthday Cards,,e business cards,Campaign Negative Phrase,Active,,Active,
2016_Search Business Birthday Cards,,online,Campaign Negative Broad,Active,,Active,
2016_Search Business Birthday Cards,,business card,Campaign Negative Exact,Active,,Active,
2016_Search Business Birthday Cards,,wording,Campaign Negative Broad,Active,,Active,
2016_Search Business Birthday Cards,,business card printing,Campaign Negative Broad,Active,,Active,
2016_Search Business Birthday Cards,,templates,Campaign Negative Broad,Active,,Active,
2016_Search Business Birthday Cards,,saying,Campaign Negative Broad,Active,,Active,
2016_Search Business Birthday Cards,,e mail,Campaign Negative Phrase,Active,,Active,
2016_Search Business Birthday Cards,,make your own,Campaign Negative Phrase,Active,,Active,
2016_Search Business Birthday Cards,,playing cards,Campaign Negative Phrase,Active,,Active,
2016_Search Business Birthday Cards,,hallmark cards,Campaign Negative Exact,Active,,Active,
2016_Search Business Birthday Cards,,writing,Campaign Negative Broad,Active,,Active,
2016_Search Business Birthday Cards,,artist cards,Campaign Negative Phrase,Active,,Active,
2016_Search Business Birthday Cards,,pet sympathy cards,Campaign Negative Phrase,Active,,Active,
2016_Search Business Birthday Cards,,ideas,Campaign Negative Broad,Active,,Active,
2016_Search Business Birthday Cards,,examples,Campaign Negative Broad,Active,,Active,
2016_Search Business Birthday Cards,,how to,Campaign Negative Phrase,Active,,Active,
2016_Search Business Birthday Cards,,electronic,Campaign Negative Broad,Active,,Active,
2016_Search Business Birthday Cards,,sayings,Campaign Negative Broad,Active,,Active,
2016_Search Business Birthday Cards,,example,Campaign Negative Broad,Active,,Active,
2016_Search Business Birthday Cards,,create your own,Campaign Negative Phrase,Active,,Active,
2016_Search Business Birthday Cards,,e cards,Campaign Negative Phrase,Active,,Active,
2016_Search Business Birthday Cards,,template,Campaign Negative Broad,Active,,Active,
2016_Search Business Birthday Cards,,business cards,Campaign Negative Exact,Active,,Active,
2016_Search Business Birthday Cards,,handwritten,Campaign Negative Broad,Active,,Active,
2016_Search Business Birthday Cards,,email,Campaign Negative Broad,Active,,Active,
2016_Search Business Birthday Cards,,sample,Campaign Negative Broad,Active,,Active,
2016_Search Business Birthday Cards,,e business card,Campaign Negative Phrase,Active,,Active,
2016_Search Business Birthday Cards,,on line,Campaign Negative Broad,Active,,Active,
2016_Search Business Birthday Cards,,artist card,Campaign Negative Phrase,Active,,Active,
2016_Search Business Birthday Cards,,digital,Campaign Negative Broad,Active,,Active,
2016_Search Business Birthday Cards,,egreeting,Campaign Negative Broad,Active,,Active,
2016_Search Business Birthday Cards,,write,Campaign Negative Broad,Active,,Active,
2016_Search Business Birthday Cards,,idea,Campaign Negative Broad,Active,,Active,
2016_Search Business Birthday Cards,,download,Campaign Negative Broad,Active,,Active,
2016_Search Business Birthday Cards,,downloadable,Campaign Negative Broad,Active,,Active,
2016_Search Business Birthday Cards,,hallmark,Campaign Negative Broad,Active,,Active,
2016_Search Business Birthday Cards,,supplies,Campaign Negative Broad,Active,,Active,
2016_Search Business Birthday Cards,,software,Campaign Negative Broad,Active,,Active,
2016_Search Business Birthday Cards,,to print,Campaign Negative Phrase,Active,,Active,
2016_Search Business Birthday Cards,,ecards,Campaign Negative Phrase,Active,,Active,
2016_Search Business Birthday Cards,,e greeting,Campaign Negative Phrase,Active,,Active,
2016_Search Business Birthday Cards,,pet loss,Campaign Negative Phrase,Active,,Active,
2016_Search Business Birthday Cards,,free,Campaign Negative Broad,Active,,Active,
2016_Search Business Birthday Cards,,message,Campaign Negative Broad,Active,,Active,
2016_Search Business Birthday Cards,,papyrus,Campaign Negative Broad,Active,,Active,
2016_Search Business Birthday Cards,,messages,Campaign Negative Broad,Active,,Active,
2016_Search Business Birthday Cards,,recycled paper,Campaign Negative Phrase,Active,,Active,
2016_Search Business Birthday Cards,,what to,Campaign Negative Phrase,Active,,Active,
2016_Search Business Birthday Cards,,virtual,Campaign Negative Broad,Active,,Active,
2016_Search Business Birthday Cards,,printable,Campaign Negative Broad,Active,,Active,
2016_Search Business Birthday Cards MBM,,business birthday cards bulk,Campaign Negative Exact,Active,,Active,
2016_Search Business Birthday Cards MBM,,birthday cards bulk,Campaign Negative Exact,Active,,Active,
2016_Search Business Birthday Cards MBM,,cheap birthday cards in bulk,Campaign Negative Exact,Active,,Active,
2016_Search Business Birthday Cards MBM,,assorted birthday cards in bulk,Campaign Negative Exact,Active,,Active,
2016_Search Business Birthday Cards MBM,,birthday cards for clients,Campaign Negative Exact,Active,,Active,
2016_Search Business Birthday Cards MBM,,e cards,Campaign Negative Phrase,Active,,Active,
2016_Search Business Birthday Cards MBM,,to print,Campaign Negative Phrase,Active,,Active,
2016_Search Business Birthday Cards MBM,,saying,Campaign Negative Broad,Active,,Active,
2016_Search Business Birthday Cards MBM,,ecard,Campaign Negative Phrase,Active,,Active,
2016_Search Business Birthday Cards MBM,,pet loss,Campaign Negative Phrase,Active,,Active,
2016_Search Business Birthday Cards MBM,,what to,Campaign Negative Phrase,Active,,Active,
2016_Search Business Birthday Cards MBM,,how to,Campaign Negative Phrase,Active,,Active,
2016_Search Business Birthday Cards MBM,,professional birthday cards,Campaign Negative Exact,Active,,Active,
2016_Search Business Birthday Cards MBM,,business birthday cards in bulk,Campaign Negative Exact,Active,,Active,
2016_Search Business Birthday Cards MBM,,templates,Campaign Negative Broad,Active,,Active,
2016_Search Business Birthday Cards MBM,,ecards,Campaign Negative Phrase,Active,,Active,
2016_Search Business Birthday Cards MBM,,e business card,Campaign Negative Phrase,Active,,Active,
2016_Search Business Birthday Cards MBM,,bulk birthday cards,Campaign Negative Exact,Active,,Active,
2016_Search Business Birthday Cards MBM,,business card,Campaign Negative Exact,Active,,Active,
2016_Search Business Birthday Cards MBM,,downloadable,Campaign Negative Broad,Active,,Active,
2016_Search Business Birthday Cards MBM,,hallmark cards,Campaign Negative Exact,Active,,Active,
2016_Search Business Birthday Cards MBM,,handwritten,Campaign Negative Broad,Active,,Active,
2016_Search Business Birthday Cards MBM,,print,Campaign Negative Broad,Active,,Active,
2016_Search Business Birthday Cards MBM,,software,Campaign Negative Broad,Active,,Active,
2016_Search Business Birthday Cards MBM,,hallmark,Campaign Negative Broad,Active,,Active,
2016_Search Business Birthday Cards MBM,,generic birthday cards in bulk,Campaign Negative Exact,Active,,Active,
2016_Search Business Birthday Cards MBM,,playing cards,Campaign Negative Phrase,Active,,Active,
2016_Search Business Birthday Cards MBM,,writing,Campaign Negative Broad,Active,,Active,
2016_Search Business Birthday Cards MBM,,messages,Campaign Negative Broad,Active,,Active,
2016_Search Business Birthday Cards MBM,,template,Campaign Negative Broad,Active,,Active,
2016_Search Business Birthday Cards MBM,,supplies,Campaign Negative Broad,Active,,Active,
2016_Search Business Birthday Cards MBM,,digital,Campaign Negative Broad,Active,,Active,
2016_Search Business Birthday Cards MBM,,message,Campaign Negative Broad,Active,,Active,
2016_Search Business Birthday Cards MBM,,artist cards,Campaign Negative Phrase,Active,,Active,
2016_Search Business Birthday Cards MBM,,online,Campaign Negative Broad,Active,,Active,
2016_Search Business Birthday Cards MBM,,virtual,Campaign Negative Broad,Active,,Active,
2016_Search Business Birthday Cards MBM,,bulk birthday cards cheap,Campaign Negative Exact,Active,,Active,
2016_Search Business Birthday Cards MBM,,egreeting,Campaign Negative Broad,Active,,Active,
2016_Search Business Birthday Cards MBM,,wording,Campaign Negative Broad,Active,,Active,
2016_Search Business Birthday Cards MBM,,recycled paper,Campaign Negative Phrase,Active,,Active,
2016_Search Business Birthday Cards MBM,,download,Campaign Negative Broad,Active,,Active,
2016_Search Business Birthday Cards MBM,,birthday cards in bulk,Campaign Negative Exact,Active,,Active,
2016_Search Business Birthday Cards MBM,,papyrus,Campaign Negative Broad,Active,,Active,
2016_Search Business Birthday Cards MBM,,on line,Campaign Negative Broad,Active,,Active,
2016_Search Business Birthday Cards MBM,,e mail,Campaign Negative Phrase,Active,,Active,
2016_Search Business Birthday Cards MBM,,happy birthday cards bulk,Campaign Negative Exact,Active,,Active,
2016_Search Business Birthday Cards MBM,,e card,Campaign Negative Phrase,Active,,Active,
2016_Search Business Birthday Cards MBM,,sayings,Campaign Negative Broad,Active,,Active,
2016_Search Business Birthday Cards MBM,,business cards,Campaign Negative Exact,Active,,Active,
2016_Search Business Birthday Cards MBM,,cheap bulk birthday cards,Campaign Negative Exact,Active,,Active,
2016_Search Business Birthday Cards MBM,,free,Campaign Negative Broad,Active,,Active,
2016_Search Business Birthday Cards MBM,,create your own,Campaign Negative Phrase,Active,,Active,
2016_Search Business Birthday Cards MBM,,e business cards,Campaign Negative Phrase,Active,,Active,
2016_Search Business Birthday Cards MBM,,e greeting,Campaign Negative Phrase,Active,,Active,
2016_Search Business Birthday Cards MBM,,sample,Campaign Negative Broad,Active,,Active,
2016_Search Business Birthday Cards MBM,,make your own,Campaign Negative Phrase,Active,,Active,
2016_Search Business Birthday Cards MBM,,cheap business birthday cards,Campaign Negative Exact,Active,,Active,
2016_Search Business Birthday Cards MBM,,example,Campaign Negative Broad,Active,,Active,
2016_Search Business Birthday Cards MBM,,ideas,Campaign Negative Broad,Active,,Active,
2016_Search Business Birthday Cards MBM,,business card printing,Campaign Negative Broad,Active,,Active,
2016_Search Business Birthday Cards MBM,,business birthday cards,Campaign Negative Exact,Active,,Active,
2016_Search Business Birthday Cards MBM,,write,Campaign Negative Broad,Active,,Active,
2016_Search Business Birthday Cards MBM,,birthday card bulk,Campaign Negative Exact,Active,,Active,
2016_Search Business Birthday Cards MBM,,email,Campaign Negative Broad,Active,,Active,
2016_Search Business Birthday Cards MBM,,artist card,Campaign Negative Phrase,Active,,Active,
2016_Search Business Birthday Cards MBM,,pet sympathy cards,Campaign Negative Phrase,Active,,Active,
2016_Search Business Birthday Cards MBM,,examples,Campaign Negative Broad,Active,,Active,
2016_Search Business Birthday Cards MBM,,electronic,Campaign Negative Broad,Active,,Active,
2016_Search Business Birthday Cards MBM,,printable,Campaign Negative Broad,Active,,Active,
2016_Search Business Birthday Cards MBM,,idea,Campaign Negative Broad,Active,,Active,
2016_Search_InsuranceGreetingCards,InsuranceHolidayCards MBM,insurance holiday cards,Negative Exact,Active,Paused,Active,
2016_Search_InsuranceGreetingCards,InsuranceHolidayCards MBM,insurance holiday card,Negative Exact,Active,Paused,Active,
2016_Search_FinancialGreetingCards,FinancialHolidayCards MBM,finance holiday cards,Negative Exact,Active,Paused,Active,
2016_Search_FinancialGreetingCards,FinancialHolidayCards MBM,financial holiday cards,Negative Exact,Active,Paused,Active,
2016_Search_FinancialGreetingCards,FinancialHolidayCards MBM,wall street holiday cards,Negative Exact,Active,Paused,Active,